id,customer_id,product,category,amount,timestamp,payment_type,region
1,1025,Smartphone,Electronics,37.82,2025-10-01T10:51:00,Cash,South
2,1030,Vacuum Cleaner,Home,263.62,2025-10-02T10:35:00,Paypal,West
3,1006,Yoga Mat,Sports,22.49,2025-10-03T04:52:00,Transfer,South
4,1036,Gym Bag,Sports,240.87,2025-10-03T03:43:00,Paypal,East
5,1024,Vacuum Cleaner,Home,170.99,2025-10-02T19:36:00,Cash,East
6,1037,Water Bottle,Sports,14.75,2025-10-04T01:59:00,Transfer,North
7,1045,Keyboard,Electronics,63.81,2025-10-03T12:38:00,Credit Card,West
8,1041,Gym Bag,Sports,71.0,2025-10-02T20:52:00,Credit Card,North
9,1042,Fitness Tracker,Sports,20.86,2025-10-04T05:36:00,Transfer,West
10,1029,Headphones,Electronics,87.79,2025-10-02T22:03:00,Transfer,South
11,1006,Paper Ream,Office,9.08,2025-10-02T21:43:00,Transfer,West
12,1022,Fitness Tracker,Sports,73.02,2025-10-01T10:47:00,Cash,West
13,1018,Water Bottle,Sports,231.79,2025-10-04T06:51:00,Paypal,South
14,1021,Water Bottle,Sports,38.65,2025-10-02T11:40:00,Cash,North
15,1024,Toaster,Home,130.35,2025-10-03T19:49:00,Credit Card,East
16,1008,Toaster,Home,45.93,2025-10-03T22:43:00,Cash,East
17,1039,Headphones,Electronics,115.48,2025-10-02T12:44:00,Paypal,South
18,1021,Coffee Maker,Home,63.5,2025-10-03T15:41:00,Paypal,South
19,1013,Smartphone,Electronics,161.44,2025-10-02T12:58:00,Transfer,West
20,1003,Paper Ream,Office,142.48,2025-10-02T17:44:00,Credit Card,North
21,1032,Headphones,Electronics,228.65,2025-10-01T21:43:00,Credit Card,North
22,1031,Running Shoes,Sports,125.28,2025-10-03T22:06:00,Credit Card,South
23,1026,Coffee Maker,Home,261.29,2025-10-02T06:28:00,Transfer,East
24,1032,Smartphone,Electronics,141.27,2025-10-02T10:00:00,Transfer,West
25,1001,"Monitor 24""",Electronics,269.91,2025-10-03T23:10:00,Transfer,South
26,1048,Mouse,Electronics,239.68,2025-10-03T02:45:00,Paypal,South
27,1037,Paper Ream,Office,120.03,2025-10-03T01:02:00,Credit Card,East
28,1035,Mouse,Electronics,38.93,2025-10-02T16:47:00,Transfer,South
29,1032,Keyboard,Electronics,253.44,2025-10-03T00:29:00,Transfer,East
30,1047,Running Shoes,Sports,175.01,2025-10-03T06:25:00,Cash,North
31,1037,Fitness Tracker,Sports,214.69,2025-10-01T13:38:00,Transfer,East
32,1022,Running Shoes,Sports,241.54,2025-10-03T05:56:00,Cash,East
33,1040,Vacuum Cleaner,Home,177.68,2025-10-04T01:35:00,Credit Card,West
34,1043,Stapler,Office,68.49,2025-10-03T23:54:00,Credit Card,West
35,1010,Toaster,Home,269.44,2025-10-01T23:43:00,Transfer,North
36,1016,"Monitor 24""",Electronics,141.36,2025-10-03T05:50:00,Cash,South
37,1013,Coffee Maker,Home,42.68,2025-10-02T09:19:00,Credit Card,East
38,1028,Blender,Home,140.33,2025-10-01T13:53:00,Credit Card,North
39,1047,Coffee Maker,Home,58.72,2025-10-01T11:18:00,Cash,South
40,1017,Desk Lamp,Home,155.17,2025-10-01T16:33:00,Transfer,South
41,1035,Coffee Maker,Home,286.8,2025-10-03T20:44:00,Cash,West
42,1013,Yoga Mat,Sports,169.31,2025-10-02T14:23:00,Transfer,West
43,1029,Mouse,Electronics,96.88,2025-10-02T10:27:00,Cash,East
44,1011,Notebook,Office,253.11,2025-10-03T16:51:00,Paypal,East
45,1030,Smartphone,Electronics,36.13,2025-10-02T04:54:00,Transfer,East
46,1024,Fitness Tracker,Sports,51.61,2025-10-03T06:17:00,Paypal,North
47,1041,Pen Set,Office,21.3,2025-10-02T12:51:00,Paypal,East
48,1040,Mouse,Electronics,279.46,2025-10-03T15:33:00,Credit Card,West
49,1038,Fitness Tracker,Sports,93.98,2025-10-03T15:30:00,Paypal,West
50,1049,Running Shoes,Sports,173.39,2025-10-01T18:46:00,Cash,East
51,1019,Water Bottle,Sports,189.48,2025-10-03T03:11:00,Cash,South
52,1021,Vacuum Cleaner,Home,109.96,2025-10-02T17:03:00,Cash,South
53,1015,Coffee Maker,Home,86.25,2025-10-01T12:35:00,Paypal,West
54,1037,Running Shoes,Sports,127.9,2025-10-02T06:11:00,Cash,North
55,1030,Paper Ream,Office,31.82,2025-10-01T13:14:00,Cash,North
56,1040,"Monitor 24""",Electronics,139.52,2025-10-01T22:48:00,Credit Card,West
57,1005,Toaster,Home,284.75,2025-10-03T08:59:00,Paypal,East
58,1039,Water Bottle,Sports,236.35,2025-10-01T15:32:00,Credit Card,North
59,1030,Coffee Maker,Home,190.6,2025-10-02T22:26:00,Transfer,West
60,1007,Yoga Mat,Sports,57.95,2025-10-02T23:50:00,Transfer,West
61,1039,Coffee Maker,Home,243.29,2025-10-03T18:35:00,Cash,North
62,1045,Running Shoes,Sports,208.86,2025-10-02T13:26:00,Paypal,North
63,1034,Toaster,Home,219.41,2025-10-02T00:15:00,Cash,South
64,1012,Desk Lamp,Home,190.12,2025-10-03T13:02:00,Cash,East
65,1002,Running Shoes,Sports,264.81,2025-10-01T20:19:00,Paypal,North
66,1026,Blender,Home,168.37,2025-10-03T15:56:00,Cash,West
67,1009,Mouse,Electronics,85.75,2025-10-02T21:20:00,Paypal,West
68,1003,Smartphone,Electronics,20.11,2025-10-03T04:34:00,Transfer,East
69,1032,Notebook,Office,262.6,2025-10-03T20:37:00,Credit Card,South
70,1012,Paper Ream,Office,284.57,2025-10-01T13:45:00,Cash,South
71,1008,Gym Bag,Sports,148.83,2025-10-02T22:33:00,Credit Card,North
72,1043,Paper Ream,Office,98.39,2025-10-03T18:10:00,Paypal,East
73,1013,Desk Lamp,Home,23.8,2025-10-02T02:34:00,Transfer,South
74,1003,Headphones,Electronics,227.55,2025-10-03T00:32:00,Paypal,South
75,1012,Coffee Maker,Home,136.88,2025-10-02T08:03:00,Paypal,South
76,1008,Paper Ream,Office,73.7,2025-10-02T21:53:00,Credit Card,West
77,1021,Desk Organizer,Office,81.74,2025-10-02T01:36:00,Transfer,East
78,1008,Blender,Home,38.79,2025-10-03T09:30:00,Transfer,East
79,1027,Vacuum Cleaner,Home,245.61,2025-10-02T04:44:00,Paypal,East
80,1002,Vacuum Cleaner,Home,175.63,2025-10-01T16:25:00,Cash,South
81,1037,Vacuum Cleaner,Home,161.32,2025-10-03T11:41:00,Cash,South
82,1041,Mouse,Electronics,161.81,2025-10-03T02:18:00,Paypal,West
83,1008,Pen Set,Office,66.87,2025-10-02T13:42:00,Cash,West
84,1014,Running Shoes,Sports,203.93,2025-10-02T00:12:00,Transfer,West
85,1030,"Monitor 24""",Electronics,256.77,2025-10-03T13:07:00,Transfer,East
86,1025,Running Shoes,Sports,181.3,2025-10-01T15:23:00,Credit Card,North
87,1020,Water Bottle,Sports,89.21,2025-10-01T18:15:00,Credit Card,North
88,1011,Coffee Maker,Home,145.91,2025-10-02T12:22:00,Cash,South
89,1008,Fitness Tracker,Sports,286.45,2025-10-03T22:07:00,Cash,East
90,1046,Headphones,Electronics,13.24,2025-10-02T09:22:00,Cash,North
91,1029,Keyboard,Electronics,102.11,2025-10-02T07:34:00,Credit Card,South
92,1048,Yoga Mat,Sports,110.84,2025-10-04T02:35:00,Transfer,South
93,1050,Water Bottle,Sports,6.32,2025-10-01T10:41:00,Transfer,North
94,1042,Blender,Home,195.21,2025-10-01T14:58:00,Cash,South
95,1039,Yoga Mat,Sports,215.82,2025-10-03T23:36:00,Transfer,West
96,1044,Pen Set,Office,113.05,2025-10-03T15:18:00,Credit Card,South
97,1008,Gym Bag,Sports,227.25,2025-10-02T01:29:00,Transfer,West
98,1026,Smartphone,Electronics,24.5,2025-10-02T19:06:00,Cash,South
99,1010,Coffee Maker,Home,210.53,2025-10-02T15:47:00,Paypal,West
100,1029,Notebook,Office,243.96,2025-10-02T05:14:00,Transfer,West
101,1047,Desk Lamp,Home,23.68,2025-10-02T03:54:00,Transfer,South
102,1017,Headphones,Electronics,211.01,2025-10-04T01:37:00,Cash,South
103,1020,Fitness Tracker,Sports,67.56,2025-10-04T00:23:00,Credit Card,North
104,1009,Running Shoes,Sports,28.71,2025-10-02T05:48:00,Paypal,East
105,1006,Desk Lamp,Home,292.95,2025-10-03T22:06:00,Transfer,South
106,1006,Notebook,Office,261.77,2025-10-01T13:18:00,Cash,South
107,1015,Notebook,Office,265.95,2025-10-03T19:58:00,Credit Card,West
108,1025,Blender,Home,200.34,2025-10-01T08:04:00,Transfer,East
109,1006,Paper Ream,Office,181.42,2025-10-02T22:58:00,Credit Card,West
110,1009,Desk Organizer,Office,192.58,2025-10-01T16:25:00,Transfer,East
111,1042,Running Shoes,Sports,71.7,2025-10-02T12:52:00,Credit Card,West
112,1001,Coffee Maker,Home,238.71,2025-10-01T11:33:00,Cash,South
113,1014,Headphones,Electronics,249.83,2025-10-02T20:22:00,Cash,North
114,1045,Stapler,Office,91.63,2025-10-02T00:37:00,Transfer,East
115,1026,Pen Set,Office,5.34,2025-10-03T19:27:00,Cash,West
116,1041,Yoga Mat,Sports,251.28,2025-10-03T19:40:00,Transfer,East
117,1039,Fitness Tracker,Sports,11.22,2025-10-02T12:17:00,Credit Card,West
118,1018,Water Bottle,Sports,159.05,2025-10-01T12:48:00,Cash,North
119,1024,Toaster,Home,40.24,2025-10-03T05:20:00,Transfer,East
120,1002,Fitness Tracker,Sports,189.01,2025-10-01T08:46:00,Paypal,South
121,1035,Desk Organizer,Office,168.08,2025-10-01T08:22:00,Paypal,North
122,1043,Pen Set,Office,227.39,2025-10-04T03:15:00,Transfer,North
123,1037,Stapler,Office,249.82,2025-10-01T14:14:00,Transfer,East
124,1023,Notebook,Office,180.46,2025-10-02T02:45:00,Credit Card,North
125,1022,Fitness Tracker,Sports,82.84,2025-10-01T14:00:00,Paypal,West
126,1016,Headphones,Electronics,143.85,2025-10-03T16:30:00,Paypal,South
127,1006,Desk Organizer,Office,133.74,2025-10-03T17:26:00,Cash,East
128,1035,Coffee Maker,Home,182.01,2025-10-03T09:51:00,Cash,North
129,1025,Vacuum Cleaner,Home,36.36,2025-10-02T15:30:00,Credit Card,South
130,1040,Toaster,Home,218.46,2025-10-03T17:44:00,Transfer,East
131,1004,"Monitor 24""",Electronics,136.09,2025-10-03T20:54:00,Transfer,South
132,1049,Notebook,Office,78.42,2025-10-03T02:46:00,Cash,South
133,1031,Blender,Home,227.31,2025-10-01T14:03:00,Paypal,South
134,1008,Desk Lamp,Home,191.7,2025-10-01T09:04:00,Cash,North
135,1043,Running Shoes,Sports,178.67,2025-10-03T08:29:00,Cash,East
136,1003,Paper Ream,Office,230.5,2025-10-02T19:33:00,Paypal,South
137,1031,Coffee Maker,Home,217.67,2025-10-03T03:48:00,Cash,North
138,1044,Gym Bag,Sports,204.98,2025-10-04T07:02:00,Cash,East
139,1034,Keyboard,Electronics,51.38,2025-10-04T06:54:00,Cash,North
140,1037,Stapler,Office,74.38,2025-10-01T11:38:00,Credit Card,South
141,1015,Keyboard,Electronics,26.52,2025-10-01T18:32:00,Transfer,West
142,1013,Headphones,Electronics,51.25,2025-10-03T00:13:00,Transfer,North
143,1047,Mouse,Electronics,133.96,2025-10-04T06:29:00,Cash,North
144,1030,Fitness Tracker,Sports,264.88,2025-10-04T05:12:00,Credit Card,North
145,1035,Mouse,Electronics,219.6,2025-10-03T08:50:00,Cash,North
146,1036,Desk Lamp,Home,256.87,2025-10-03T05:16:00,Credit Card,East
147,1024,Desk Organizer,Office,268.44,2025-10-03T09:36:00,Paypal,South
148,1016,Blender,Home,138.29,2025-10-02T06:40:00,Transfer,West
149,1027,Headphones,Electronics,127.18,2025-10-03T22:33:00,Credit Card,East
150,1033,Water Bottle,Sports,169.33,2025-10-04T04:34:00,Cash,West
151,1034,Smartphone,Electronics,29.59,2025-10-03T13:38:00,Credit Card,East
152,1021,Headphones,Electronics,93.16,2025-10-04T03:22:00,Transfer,North
153,1036,Fitness Tracker,Sports,59.65,2025-10-02T07:55:00,Transfer,West
154,1013,Headphones,Electronics,179.82,2025-10-01T10:03:00,Cash,East
155,1041,Notebook,Office,22.32,2025-10-02T04:04:00,Credit Card,East
156,1039,Blender,Home,288.42,2025-10-03T11:40:00,Paypal,North
157,1021,Desk Lamp,Home,157.35,2025-10-03T11:12:00,Paypal,North
158,1042,Fitness Tracker,Sports,226.27,2025-10-01T10:54:00,Cash,West
159,1035,Water Bottle,Sports,248.82,2025-10-02T06:41:00,Cash,West
160,1033,Paper Ream,Office,192.54,2025-10-03T20:41:00,Credit Card,North
161,1009,Vacuum Cleaner,Home,63.03,2025-10-03T21:56:00,Credit Card,East
162,1025,Pen Set,Office,196.07,2025-10-01T22:17:00,Credit Card,South
163,1005,Blender,Home,245.12,2025-10-02T20:05:00,Transfer,West
164,1045,Blender,Home,267.24,2025-10-03T23:20:00,Paypal,South
165,1032,Gym Bag,Sports,49.55,2025-10-01T19:18:00,Transfer,East
166,1050,Smartphone,Electronics,165.7,2025-10-02T18:30:00,Paypal,East
167,1026,Coffee Maker,Home,238.05,2025-10-03T13:51:00,Transfer,West
168,1029,Stapler,Office,212.55,2025-10-03T16:20:00,Paypal,West
169,1002,Desk Lamp,Home,54.79,2025-10-01T11:18:00,Cash,East
170,1013,Desk Organizer,Office,20.05,2025-10-02T21:40:00,Cash,East
171,1010,Pen Set,Office,37.33,2025-10-04T06:45:00,Credit Card,West
172,1011,Stapler,Office,53.6,2025-10-03T08:11:00,Credit Card,South
173,1027,Fitness Tracker,Sports,290.82,2025-10-03T09:40:00,Transfer,East
174,1047,Notebook,Office,219.85,2025-10-03T05:20:00,Cash,West
175,1037,Blender,Home,220.09,2025-10-03T23:16:00,Cash,East
176,1017,Desk Lamp,Home,197.12,2025-10-02T03:40:00,Cash,South
177,1001,Gym Bag,Sports,8.54,2025-10-03T19:29:00,Transfer,West
178,1008,Vacuum Cleaner,Home,212.24,2025-10-01T09:17:00,Cash,West
179,1008,Mouse,Electronics,240.86,2025-10-02T08:20:00,Paypal,East
180,1032,Mouse,Electronics,96.64,2025-10-01T17:50:00,Transfer,North
181,1033,Running Shoes,Sports,14.72,2025-10-02T12:01:00,Credit Card,West
182,1007,Stapler,Office,296.57,2025-10-02T18:04:00,Paypal,South
183,1001,Toaster,Home,170.85,2025-10-02T12:43:00,Credit Card,West
184,1007,Yoga Mat,Sports,37.2,2025-10-03T09:54:00,Cash,East
185,1037,Yoga Mat,Sports,153.12,2025-10-02T08:21:00,Paypal,North
186,1036,Toaster,Home,277.8,2025-10-03T12:54:00,Paypal,South
187,1043,Fitness Tracker,Sports,152.55,2025-10-01T09:14:00,Paypal,North
188,1001,Mouse,Electronics,77.17,2025-10-01T14:53:00,Transfer,East
189,1017,Headphones,Electronics,259.24,2025-10-04T00:02:00,Credit Card,West
190,1001,Stapler,Office,222.84,2025-10-02T10:03:00,Transfer,West
191,1034,"Monitor 24""",Electronics,235.05,2025-10-02T08:11:00,Transfer,South
192,1026,Smartphone,Electronics,179.72,2025-10-02T22:57:00,Transfer,South
193,1013,Notebook,Office,262.3,2025-10-03T22:39:00,Paypal,South
194,1049,Notebook,Office,145.87,2025-10-02T18:51:00,Credit Card,North
195,1036,Headphones,Electronics,226.06,2025-10-03T21:05:00,Transfer,South
196,1027,Vacuum Cleaner,Home,147.02,2025-10-02T00:20:00,Paypal,South
197,1004,Yoga Mat,Sports,159.06,2025-10-02T00:37:00,Credit Card,East
198,1036,Stapler,Office,58.43,2025-10-02T15:04:00,Transfer,North
199,1018,Smartphone,Electronics,215.58,2025-10-04T06:55:00,Cash,South
200,1045,Keyboard,Electronics,299.31,2025-10-04T07:36:00,Transfer,South
201,1035,Pen Set,Office,112.14,2025-10-02T09:02:00,Credit Card,East
202,1020,Water Bottle,Sports,216.95,2025-10-01T22:17:00,Transfer,East
203,1041,Keyboard,Electronics,117.81,2025-10-01T15:44:00,Cash,South
204,1015,Pen Set,Office,43.0,2025-10-02T02:54:00,Credit Card,West
205,1002,Notebook,Office,212.71,2025-10-04T00:19:00,Credit Card,West
206,1005,Vacuum Cleaner,Home,98.93,2025-10-01T15:40:00,Paypal,East
207,1035,Vacuum Cleaner,Home,147.37,2025-10-02T10:46:00,Transfer,West
208,1017,Gym Bag,Sports,67.82,2025-10-02T21:54:00,Paypal,West
209,1037,"Monitor 24""",Electronics,239.88,2025-10-03T16:50:00,Paypal,South
210,1009,Mouse,Electronics,133.68,2025-10-01T17:06:00,Transfer,West
211,1047,Notebook,Office,123.24,2025-10-03T18:47:00,Cash,East
212,1022,Desk Lamp,Home,41.55,2025-10-02T07:09:00,Credit Card,North
213,1023,Blender,Home,61.24,2025-10-02T04:53:00,Credit Card,West
214,1039,Fitness Tracker,Sports,51.49,2025-10-02T21:18:00,Transfer,South
215,1044,Smartphone,Electronics,201.93,2025-10-02T21:27:00,Credit Card,West
216,1028,Fitness Tracker,Sports,70.89,2025-10-01T16:04:00,Transfer,South
217,1038,Coffee Maker,Home,112.01,2025-10-02T14:25:00,Credit Card,West
218,1032,Gym Bag,Sports,281.65,2025-10-04T03:09:00,Cash,South
219,1007,Blender,Home,166.3,2025-10-04T01:11:00,Transfer,West
220,1026,Blender,Home,26.27,2025-10-03T23:55:00,Paypal,West
221,1031,Coffee Maker,Home,53.13,2025-10-02T20:32:00,Paypal,West
222,1041,Paper Ream,Office,240.81,2025-10-04T07:44:00,Cash,South
223,1031,Gym Bag,Sports,255.7,2025-10-02T00:39:00,Credit Card,West
224,1043,Desk Organizer,Office,175.86,2025-10-01T09:47:00,Paypal,North
225,1013,Desk Organizer,Office,103.51,2025-10-02T04:25:00,Cash,North
226,1025,Pen Set,Office,53.5,2025-10-03T04:17:00,Paypal,North
227,1046,Running Shoes,Sports,205.04,2025-10-02T05:02:00,Credit Card,West
228,1027,Mouse,Electronics,203.33,2025-10-03T01:33:00,Paypal,West
229,1048,Pen Set,Office,5.03,2025-10-03T22:04:00,Transfer,West
230,1009,Stapler,Office,264.38,2025-10-02T00:40:00,Transfer,South
231,1016,Desk Organizer,Office,142.18,2025-10-02T06:22:00,Paypal,East
232,1040,Fitness Tracker,Sports,129.82,2025-10-02T20:40:00,Transfer,West
233,1028,Fitness Tracker,Sports,91.72,2025-10-02T19:25:00,Transfer,South
234,1023,Smartphone,Electronics,32.11,2025-10-01T08:52:00,Cash,South
235,1019,Gym Bag,Sports,25.85,2025-10-04T06:24:00,Paypal,South
236,1045,Stapler,Office,227.22,2025-10-04T04:06:00,Credit Card,South
237,1032,Gym Bag,Sports,47.8,2025-10-01T23:10:00,Paypal,West
238,1014,Headphones,Electronics,220.07,2025-10-02T21:26:00,Paypal,North
239,1009,Desk Organizer,Office,86.09,2025-10-02T04:26:00,Cash,West
240,1006,Yoga Mat,Sports,114.46,2025-10-03T15:50:00,Cash,North
241,1004,Desk Lamp,Home,84.11,2025-10-02T21:33:00,Paypal,South
242,1033,Paper Ream,Office,73.64,2025-10-03T22:20:00,Transfer,West
243,1030,Headphones,Electronics,82.01,2025-10-03T15:03:00,Transfer,South
244,1041,Desk Lamp,Home,210.1,2025-10-03T10:27:00,Transfer,South
245,1006,Notebook,Office,175.9,2025-10-01T13:52:00,Cash,South
246,1044,Desk Organizer,Office,157.88,2025-10-03T14:14:00,Paypal,West
247,1020,Coffee Maker,Home,192.44,2025-10-02T21:31:00,Cash,East
248,1031,Smartphone,Electronics,22.04,2025-10-01T22:38:00,Cash,South
249,1008,Desk Lamp,Home,174.79,2025-10-04T05:50:00,Paypal,West
250,1047,Vacuum Cleaner,Home,45.46,2025-10-02T01:59:00,Cash,East
251,1011,Smartphone,Electronics,13.31,2025-10-03T13:02:00,Paypal,North
252,1003,Keyboard,Electronics,152.33,2025-10-02T23:31:00,Credit Card,West
253,1034,Keyboard,Electronics,54.81,2025-10-02T02:28:00,Credit Card,North
254,1018,Smartphone,Electronics,298.51,2025-10-02T00:23:00,Cash,East
255,1045,Mouse,Electronics,100.0,2025-10-04T07:49:00,Transfer,East
256,1049,Toaster,Home,184.18,2025-10-02T00:11:00,Paypal,East
257,1003,Fitness Tracker,Sports,98.22,2025-10-03T19:59:00,Credit Card,West
258,1032,Yoga Mat,Sports,247.93,2025-10-01T22:54:00,Cash,North
259,1029,"Monitor 24""",Electronics,187.93,2025-10-02T04:33:00,Paypal,North
260,1042,Headphones,Electronics,201.02,2025-10-03T00:27:00,Cash,East
261,1002,Desk Organizer,Office,46.82,2025-10-03T18:50:00,Transfer,South
262,1040,Notebook,Office,293.03,2025-10-02T18:27:00,Paypal,North
263,1048,Smartphone,Electronics,199.22,2025-10-03T19:00:00,Paypal,West
264,1036,Coffee Maker,Home,140.1,2025-10-03T11:14:00,Transfer,North
265,1048,Notebook,Office,40.87,2025-10-02T05:08:00,Cash,South
266,1033,Vacuum Cleaner,Home,247.95,2025-10-02T03:29:00,Credit Card,South
267,1008,Running Shoes,Sports,251.48,2025-10-02T11:48:00,Cash,South
268,1025,Notebook,Office,92.06,2025-10-03T06:17:00,Cash,South
269,1042,Headphones,Electronics,218.88,2025-10-03T18:06:00,Paypal,South
270,1005,Pen Set,Office,177.19,2025-10-01T11:31:00,Credit Card,South
271,1017,Stapler,Office,37.86,2025-10-03T13:48:00,Transfer,West
272,1010,Yoga Mat,Sports,114.39,2025-10-01T10:06:00,Transfer,South
273,1036,Pen Set,Office,251.53,2025-10-01T18:38:00,Credit Card,North
274,1019,Coffee Maker,Home,289.72,2025-10-02T03:17:00,Transfer,North
275,1022,Paper Ream,Office,130.68,2025-10-04T03:11:00,Credit Card,North
276,1031,Gym Bag,Sports,62.42,2025-10-03T19:48:00,Paypal,South
277,1028,Desk Organizer,Office,172.17,2025-10-02T09:39:00,Paypal,North
278,1029,Pen Set,Office,116.19,2025-10-03T11:56:00,Transfer,West
279,1009,Keyboard,Electronics,12.16,2025-10-02T21:41:00,Cash,West
280,1027,Water Bottle,Sports,51.78,2025-10-02T00:09:00,Transfer,West
281,1035,"Monitor 24""",Electronics,197.79,2025-10-02T03:39:00,Cash,West
282,1004,Coffee Maker,Home,201.46,2025-10-02T06:30:00,Cash,West
283,1045,Mouse,Electronics,297.24,2025-10-02T05:58:00,Transfer,North
284,1018,Pen Set,Office,144.16,2025-10-03T05:00:00,Transfer,West
285,1004,Keyboard,Electronics,28.78,2025-10-03T15:20:00,Credit Card,East
286,1039,Yoga Mat,Sports,147.41,2025-10-03T17:35:00,Cash,South
287,1013,Coffee Maker,Home,129.07,2025-10-01T11:29:00,Credit Card,South
288,1020,Desk Lamp,Home,162.81,2025-10-03T19:05:00,Credit Card,East
289,1026,Headphones,Electronics,54.98,2025-10-01T10:10:00,Paypal,North
290,1028,Blender,Home,69.08,2025-10-04T07:32:00,Credit Card,North
291,1042,Running Shoes,Sports,56.15,2025-10-03T10:55:00,Paypal,South
292,1046,"Monitor 24""",Electronics,132.82,2025-10-02T09:16:00,Credit Card,North
293,1031,Toaster,Home,40.7,2025-10-03T03:27:00,Cash,North
294,1016,Paper Ream,Office,227.8,2025-10-01T17:40:00,Credit Card,East
295,1008,Smartphone,Electronics,243.72,2025-10-03T19:54:00,Credit Card,North
296,1028,Paper Ream,Office,105.57,2025-10-01T15:52:00,Paypal,South
297,1008,Pen Set,Office,11.56,2025-10-02T03:06:00,Credit Card,West
298,1047,Desk Lamp,Home,165.35,2025-10-03T08:09:00,Paypal,East
299,1026,Paper Ream,Office,54.5,2025-10-01T15:33:00,Credit Card,East
300,1028,Running Shoes,Sports,20.51,2025-10-02T06:06:00,Paypal,West
301,1003,"Monitor 24""",Electronics,229.1,2025-10-02T06:05:00,Credit Card,West
302,1046,Headphones,Electronics,232.22,2025-10-01T13:17:00,Cash,East
303,1021,Pen Set,Office,59.35,2025-10-02T23:03:00,Cash,South
304,1009,Fitness Tracker,Sports,264.35,2025-10-03T23:22:00,Cash,South
305,1010,Vacuum Cleaner,Home,196.94,2025-10-01T10:38:00,Credit Card,South
306,1026,Stapler,Office,159.91,2025-10-01T21:18:00,Cash,East
307,1032,Blender,Home,83.47,2025-10-03T13:01:00,Credit Card,West
308,1037,Pen Set,Office,166.02,2025-10-03T13:07:00,Transfer,West
309,1031,Blender,Home,243.79,2025-10-04T03:03:00,Cash,East
310,1002,Water Bottle,Sports,142.31,2025-10-04T04:07:00,Credit Card,West
311,1018,Vacuum Cleaner,Home,291.81,2025-10-02T11:03:00,Credit Card,West
312,1003,Paper Ream,Office,26.69,2025-10-03T15:11:00,Paypal,South
313,1044,Stapler,Office,209.56,2025-10-01T17:55:00,Cash,South
314,1024,Smartphone,Electronics,270.69,2025-10-04T00:42:00,Cash,East
315,1048,Water Bottle,Sports,295.71,2025-10-03T22:03:00,Transfer,South
316,1030,Mouse,Electronics,264.79,2025-10-03T02:04:00,Transfer,West
317,1044,Desk Lamp,Home,3.41,2025-10-02T23:32:00,Transfer,South
318,1047,Vacuum Cleaner,Home,141.32,2025-10-03T22:18:00,Credit Card,West
319,1021,Desk Lamp,Home,244.54,2025-10-01T08:45:00,Credit Card,West
320,1036,Pen Set,Office,258.85,2025-10-02T06:35:00,Transfer,South
321,1027,Toaster,Home,198.52,2025-10-02T10:33:00,Paypal,West
322,1040,Yoga Mat,Sports,183.98,2025-10-01T10:28:00,Transfer,West
323,1008,Toaster,Home,213.45,2025-10-02T10:04:00,Cash,East
324,1029,Smartphone,Electronics,124.6,2025-10-03T21:05:00,Paypal,North
325,1023,Yoga Mat,Sports,286.77,2025-10-01T14:09:00,Transfer,West
326,1034,Mouse,Electronics,207.39,2025-10-02T21:38:00,Transfer,North
327,1004,Stapler,Office,81.56,2025-10-03T13:22:00,Transfer,West
328,1017,Mouse,Electronics,299.46,2025-10-02T01:05:00,Credit Card,West
329,1020,Water Bottle,Sports,16.32,2025-10-02T14:11:00,Credit Card,West
330,1046,Smartphone,Electronics,132.94,2025-10-01T10:35:00,Credit Card,West
331,1030,Yoga Mat,Sports,57.97,2025-10-01T14:49:00,Transfer,South
332,1022,Fitness Tracker,Sports,127.82,2025-10-02T08:05:00,Credit Card,East
333,1024,Coffee Maker,Home,278.26,2025-10-02T09:24:00,Paypal,South
334,1002,Blender,Home,16.96,2025-10-01T20:19:00,Paypal,West
335,1003,Water Bottle,Sports,98.55,2025-10-02T05:29:00,Cash,North
336,1001,"Monitor 24""",Electronics,73.97,2025-10-02T14:30:00,Paypal,North
337,1028,Vacuum Cleaner,Home,167.29,2025-10-03T23:03:00,Credit Card,East
338,1026,Toaster,Home,31.72,2025-10-03T22:35:00,Cash,South
339,1011,Vacuum Cleaner,Home,259.06,2025-10-03T08:06:00,Paypal,West
340,1018,Smartphone,Electronics,156.35,2025-10-02T15:31:00,Cash,East
341,1024,Desk Organizer,Office,122.37,2025-10-01T13:48:00,Paypal,East
342,1010,"Monitor 24""",Electronics,130.33,2025-10-03T17:36:00,Credit Card,North
343,1018,Pen Set,Office,163.16,2025-10-01T12:44:00,Cash,North
344,1016,Pen Set,Office,232.36,2025-10-04T00:42:00,Transfer,West
345,1034,Paper Ream,Office,150.81,2025-10-02T16:49:00,Transfer,North
346,1004,Running Shoes,Sports,265.89,2025-10-02T03:28:00,Cash,North
347,1030,Running Shoes,Sports,162.74,2025-10-02T20:31:00,Cash,East
348,1007,Yoga Mat,Sports,267.72,2025-10-02T17:16:00,Transfer,South
349,1039,Toaster,Home,11.24,2025-10-03T16:59:00,Paypal,South
350,1032,"Monitor 24""",Electronics,224.61,2025-10-04T00:55:00,Cash,East
351,1010,Running Shoes,Sports,245.13,2025-10-02T17:40:00,Paypal,South
352,1019,Desk Organizer,Office,188.12,2025-10-04T07:46:00,Credit Card,North
353,1013,"Monitor 24""",Electronics,17.1,2025-10-02T00:38:00,Transfer,North
354,1037,"Monitor 24""",Electronics,206.16,2025-10-03T02:07:00,Transfer,West
355,1028,Toaster,Home,246.69,2025-10-04T04:36:00,Credit Card,South
356,1015,Stapler,Office,152.43,2025-10-03T21:56:00,Transfer,West
357,1010,Mouse,Electronics,146.02,2025-10-01T17:24:00,Cash,East
358,1044,Headphones,Electronics,80.32,2025-10-03T12:56:00,Paypal,North
359,1022,Headphones,Electronics,185.4,2025-10-02T07:26:00,Paypal,South
360,1024,Stapler,Office,10.86,2025-10-01T13:50:00,Transfer,East
361,1025,Gym Bag,Sports,252.98,2025-10-01T18:45:00,Cash,North
362,1018,Pen Set,Office,268.37,2025-10-01T10:41:00,Cash,West
363,1037,Fitness Tracker,Sports,155.39,2025-10-02T11:20:00,Credit Card,North
364,1010,Paper Ream,Office,298.29,2025-10-04T05:29:00,Transfer,South
365,1043,Desk Organizer,Office,235.73,2025-10-04T02:50:00,Paypal,South
366,1021,Notebook,Office,264.11,2025-10-02T15:43:00,Paypal,East
367,1014,Running Shoes,Sports,127.83,2025-10-02T17:02:00,Paypal,West
368,1013,Pen Set,Office,34.24,2025-10-04T06:40:00,Credit Card,South
369,1018,Fitness Tracker,Sports,12.68,2025-10-03T13:51:00,Transfer,North
370,1024,Coffee Maker,Home,211.44,2025-10-01T16:55:00,Transfer,South
371,1042,Notebook,Office,228.74,2025-10-01T20:00:00,Transfer,East
372,1040,Vacuum Cleaner,Home,240.4,2025-10-03T21:55:00,Paypal,North
373,1019,Desk Organizer,Office,39.83,2025-10-02T14:57:00,Credit Card,North
374,1028,Running Shoes,Sports,89.89,2025-10-01T13:18:00,Cash,East
375,1008,"Monitor 24""",Electronics,38.85,2025-10-02T06:51:00,Transfer,South
376,1048,Vacuum Cleaner,Home,239.52,2025-10-01T22:03:00,Credit Card,South
377,1021,Notebook,Office,182.4,2025-10-03T09:51:00,Cash,West
378,1012,Running Shoes,Sports,150.86,2025-10-02T20:29:00,Transfer,North
379,1016,Mouse,Electronics,143.43,2025-10-04T06:59:00,Paypal,South
380,1021,Smartphone,Electronics,230.86,2025-10-03T19:20:00,Transfer,East
381,1012,Yoga Mat,Sports,110.84,2025-10-02T16:55:00,Transfer,North
382,1048,Blender,Home,261.46,2025-10-01T10:00:00,Paypal,West
383,1017,"Monitor 24""",Electronics,288.72,2025-10-03T14:31:00,Transfer,North
384,1036,Fitness Tracker,Sports,246.01,2025-10-01T17:43:00,Credit Card,North
385,1013,Desk Lamp,Home,196.19,2025-10-03T06:47:00,Transfer,South
386,1021,Toaster,Home,100.08,2025-10-03T08:11:00,Credit Card,East
387,1016,Gym Bag,Sports,292.21,2025-10-02T06:25:00,Cash,South
388,1040,Vacuum Cleaner,Home,55.26,2025-10-02T16:41:00,Transfer,South
389,1007,Vacuum Cleaner,Home,235.39,2025-10-02T05:41:00,Transfer,South
390,1032,Desk Organizer,Office,57.2,2025-10-03T19:47:00,Paypal,South
391,1005,Paper Ream,Office,253.86,2025-10-02T02:33:00,Cash,North
392,1013,Paper Ream,Office,176.64,2025-10-01T23:55:00,Credit Card,South
393,1012,"Monitor 24""",Electronics,230.7,2025-10-02T05:44:00,Transfer,East
394,1030,Headphones,Electronics,88.32,2025-10-03T19:41:00,Transfer,North
395,1031,Desk Organizer,Office,146.67,2025-10-02T13:46:00,Transfer,West
396,1039,Coffee Maker,Home,88.62,2025-10-02T19:41:00,Paypal,West
397,1028,Desk Organizer,Office,247.73,2025-10-03T11:53:00,Credit Card,West
398,1024,Mouse,Electronics,135.4,2025-10-03T12:18:00,Cash,South
399,1033,Gym Bag,Sports,39.14,2025-10-01T19:38:00,Transfer,West
400,1034,Water Bottle,Sports,191.65,2025-10-01T10:43:00,Paypal,East
401,1026,Toaster,Home,127.51,2025-10-01T16:59:00,Transfer,East
402,1038,Desk Lamp,Home,252.69,2025-10-04T02:47:00,Cash,South
403,1014,Yoga Mat,Sports,262.1,2025-10-03T03:13:00,Credit Card,East
404,1043,Water Bottle,Sports,262.31,2025-10-04T03:08:00,Paypal,North
405,1017,Vacuum Cleaner,Home,177.93,2025-10-02T18:29:00,Credit Card,South
406,1014,Water Bottle,Sports,100.2,2025-10-01T20:16:00,Transfer,North
407,1002,Yoga Mat,Sports,42.63,2025-10-03T05:11:00,Paypal,North
408,1005,Desk Organizer,Office,17.85,2025-10-01T18:35:00,Paypal,South
409,1030,Keyboard,Electronics,267.54,2025-10-04T04:32:00,Transfer,South
410,1046,Desk Organizer,Office,11.02,2025-10-02T09:52:00,Transfer,West
411,1022,Blender,Home,51.59,2025-10-03T10:46:00,Paypal,North
412,1040,Running Shoes,Sports,127.3,2025-10-04T00:57:00,Cash,South
413,1009,Smartphone,Electronics,255.04,2025-10-01T11:54:00,Paypal,North
414,1050,Mouse,Electronics,113.37,2025-10-03T16:38:00,Credit Card,North
415,1008,Mouse,Electronics,74.07,2025-10-03T23:07:00,Paypal,North
416,1029,Running Shoes,Sports,63.1,2025-10-01T16:06:00,Cash,East
417,1033,Desk Organizer,Office,200.23,2025-10-02T12:57:00,Credit Card,North
418,1017,Smartphone,Electronics,230.72,2025-10-02T04:54:00,Cash,East
419,1001,Stapler,Office,233.21,2025-10-01T08:24:00,Paypal,West
420,1015,Vacuum Cleaner,Home,77.43,2025-10-02T02:14:00,Transfer,East
421,1017,Stapler,Office,267.04,2025-10-01T16:41:00,Cash,North
422,1045,Headphones,Electronics,251.82,2025-10-03T11:22:00,Cash,East
423,1019,Mouse,Electronics,63.57,2025-10-03T22:32:00,Cash,North
424,1023,Gym Bag,Sports,95.11,2025-10-02T18:24:00,Transfer,South
425,1002,Desk Organizer,Office,115.36,2025-10-02T04:01:00,Paypal,West
426,1039,Running Shoes,Sports,295.92,2025-10-02T13:06:00,Paypal,East
427,1042,Pen Set,Office,59.58,2025-10-03T17:26:00,Transfer,East
428,1026,Fitness Tracker,Sports,77.55,2025-10-03T18:03:00,Cash,North
429,1050,Paper Ream,Office,220.26,2025-10-02T19:56:00,Credit Card,West
430,1036,Gym Bag,Sports,210.14,2025-10-03T01:58:00,Credit Card,East
431,1003,Yoga Mat,Sports,192.64,2025-10-03T10:30:00,Credit Card,South
432,1008,"Monitor 24""",Electronics,124.69,2025-10-02T03:15:00,Cash,North
433,1001,Desk Lamp,Home,283.05,2025-10-01T21:52:00,Paypal,East
434,1009,Smartphone,Electronics,81.39,2025-10-03T23:18:00,Credit Card,West
435,1049,Fitness Tracker,Sports,86.69,2025-10-01T21:50:00,Cash,West
436,1049,Notebook,Office,204.81,2025-10-04T03:02:00,Transfer,South
437,1043,"Monitor 24""",Electronics,33.7,2025-10-02T09:36:00,Cash,East
438,1018,Keyboard,Electronics,290.24,2025-10-02T05:01:00,Paypal,East
439,1004,Desk Organizer,Office,59.52,2025-10-03T15:42:00,Paypal,North
440,1038,Fitness Tracker,Sports,92.43,2025-10-03T07:48:00,Paypal,North
441,1019,Desk Organizer,Office,110.15,2025-10-02T16:18:00,Cash,West
442,1011,Water Bottle,Sports,268.61,2025-10-02T16:14:00,Credit Card,West
443,1010,Blender,Home,271.59,2025-10-02T02:12:00,Credit Card,East
444,1022,Pen Set,Office,119.43,2025-10-03T15:44:00,Paypal,North
445,1033,Keyboard,Electronics,210.02,2025-10-03T01:00:00,Cash,North
446,1023,Mouse,Electronics,161.94,2025-10-03T16:32:00,Cash,East
447,1005,Fitness Tracker,Sports,75.81,2025-10-03T05:33:00,Cash,East
448,1045,Desk Lamp,Home,15.18,2025-10-04T05:02:00,Transfer,West
449,1033,Stapler,Office,288.27,2025-10-03T02:09:00,Transfer,South
450,1016,Stapler,Office,225.49,2025-10-04T05:27:00,Cash,North
451,1009,Paper Ream,Office,190.87,2025-10-04T04:59:00,Credit Card,West
452,1025,Notebook,Office,158.03,2025-10-02T01:41:00,Cash,West
453,1007,Paper Ream,Office,156.68,2025-10-01T12:26:00,Transfer,West
454,1009,Yoga Mat,Sports,116.47,2025-10-02T22:43:00,Credit Card,South
455,1047,Desk Organizer,Office,61.8,2025-10-04T01:53:00,Paypal,North
456,1047,"Monitor 24""",Electronics,294.38,2025-10-03T18:12:00,Transfer,West
457,1011,"Monitor 24""",Electronics,211.93,2025-10-01T22:56:00,Paypal,South
458,1016,Yoga Mat,Sports,231.55,2025-10-03T08:11:00,Transfer,East
459,1050,Yoga Mat,Sports,230.02,2025-10-01T19:29:00,Cash,West
460,1005,Gym Bag,Sports,149.44,2025-10-01T19:18:00,Credit Card,West
461,1012,Desk Organizer,Office,19.83,2025-10-04T02:30:00,Paypal,North
462,1016,Smartphone,Electronics,160.65,2025-10-03T07:00:00,Transfer,East
463,1033,Gym Bag,Sports,175.03,2025-10-02T11:53:00,Cash,West
464,1021,Notebook,Office,289.48,2025-10-01T09:59:00,Credit Card,North
465,1005,Yoga Mat,Sports,110.91,2025-10-01T08:07:00,Credit Card,North
466,1038,Water Bottle,Sports,8.39,2025-10-02T01:51:00,Cash,South
467,1022,Notebook,Office,110.58,2025-10-01T09:52:00,Cash,West
468,1041,"Monitor 24""",Electronics,294.47,2025-10-03T06:06:00,Transfer,East
469,1013,Vacuum Cleaner,Home,195.72,2025-10-02T09:03:00,Transfer,South
470,1001,Gym Bag,Sports,167.19,2025-10-03T21:40:00,Credit Card,South
471,1036,Desk Organizer,Office,193.82,2025-10-04T02:45:00,Cash,East
472,1047,Smartphone,Electronics,54.81,2025-10-02T00:11:00,Credit Card,North
473,1048,Water Bottle,Sports,76.71,2025-10-04T02:51:00,Credit Card,North
474,1004,Vacuum Cleaner,Home,163.44,2025-10-03T14:21:00,Cash,East
475,1030,Notebook,Office,39.49,2025-10-02T10:09:00,Transfer,West
476,1008,Toaster,Home,205.23,2025-10-04T06:12:00,Paypal,South
477,1025,Running Shoes,Sports,291.6,2025-10-02T04:48:00,Paypal,East
478,1016,Running Shoes,Sports,199.01,2025-10-02T00:51:00,Cash,West
479,1026,"Monitor 24""",Electronics,190.63,2025-10-03T05:35:00,Paypal,North
480,1024,Vacuum Cleaner,Home,113.73,2025-10-01T17:55:00,Paypal,North
481,1006,Smartphone,Electronics,204.95,2025-10-01T20:45:00,Cash,North
482,1026,Stapler,Office,179.99,2025-10-01T19:35:00,Transfer,East
483,1035,Desk Lamp,Home,87.43,2025-10-03T23:49:00,Cash,South
484,1050,Keyboard,Electronics,259.45,2025-10-02T01:37:00,Cash,South
485,1044,Smartphone,Electronics,234.65,2025-10-03T18:28:00,Paypal,North
486,1017,Vacuum Cleaner,Home,166.32,2025-10-02T23:55:00,Credit Card,East
487,1010,"Monitor 24""",Electronics,208.92,2025-10-01T08:19:00,Transfer,North
488,1022,Headphones,Electronics,77.46,2025-10-02T01:13:00,Paypal,East
489,1046,Blender,Home,222.63,2025-10-02T03:07:00,Credit Card,West
490,1006,Paper Ream,Office,55.92,2025-10-03T04:18:00,Credit Card,South
491,1023,Headphones,Electronics,160.91,2025-10-02T23:28:00,Cash,South
492,1027,Mouse,Electronics,86.07,2025-10-02T07:48:00,Transfer,East
493,1028,Fitness Tracker,Sports,155.8,2025-10-03T11:17:00,Transfer,South
494,1049,Fitness Tracker,Sports,180.73,2025-10-01T21:32:00,Paypal,South
495,1020,Toaster,Home,260.07,2025-10-02T22:01:00,Credit Card,West
496,1021,Paper Ream,Office,251.66,2025-10-02T20:21:00,Transfer,North
497,1033,Paper Ream,Office,131.92,2025-10-03T14:30:00,Paypal,West
498,1036,Toaster,Home,277.35,2025-10-02T15:49:00,Transfer,West
499,1004,Keyboard,Electronics,28.26,2025-10-03T18:23:00,Cash,South
500,1037,Keyboard,Electronics,284.71,2025-10-03T01:40:00,Transfer,West
501,1028,Paper Ream,Office,132.84,2025-10-02T18:02:00,Transfer,South
502,1041,Mouse,Electronics,298.22,2025-10-03T12:43:00,Credit Card,South
503,1034,"Monitor 24""",Electronics,42.22,2025-10-02T17:37:00,Paypal,West
504,1005,Yoga Mat,Sports,274.85,2025-10-01T13:00:00,Paypal,South
505,1017,Desk Lamp,Home,16.47,2025-10-03T17:51:00,Credit Card,West
506,1042,Fitness Tracker,Sports,275.02,2025-10-04T03:30:00,Paypal,South
507,1030,Smartphone,Electronics,125.67,2025-10-02T18:36:00,Paypal,North
508,1027,Pen Set,Office,34.55,2025-10-03T05:49:00,Cash,South
509,1044,Gym Bag,Sports,51.44,2025-10-01T21:12:00,Cash,East
510,1007,"Monitor 24""",Electronics,4.79,2025-10-03T20:46:00,Cash,North
511,1008,Toaster,Home,207.4,2025-10-03T21:23:00,Credit Card,South
512,1027,Water Bottle,Sports,147.31,2025-10-03T09:25:00,Transfer,East
513,1047,"Monitor 24""",Electronics,69.9,2025-10-03T19:21:00,Cash,East
514,1023,Desk Lamp,Home,24.93,2025-10-02T18:07:00,Paypal,South
515,1002,Notebook,Office,36.09,2025-10-03T14:31:00,Paypal,West
516,1001,Gym Bag,Sports,296.59,2025-10-01T20:11:00,Cash,West
517,1032,Water Bottle,Sports,137.81,2025-10-02T04:45:00,Transfer,North
518,1035,Fitness Tracker,Sports,10.5,2025-10-03T13:16:00,Cash,West
519,1048,Smartphone,Electronics,284.93,2025-10-01T11:39:00,Credit Card,South
520,1036,Fitness Tracker,Sports,166.26,2025-10-03T13:59:00,Paypal,East
521,1015,Stapler,Office,258.72,2025-10-02T11:28:00,Transfer,South
522,1023,Gym Bag,Sports,180.33,2025-10-01T10:43:00,Credit Card,West
523,1029,Toaster,Home,237.33,2025-10-03T05:14:00,Paypal,East
524,1031,Yoga Mat,Sports,58.23,2025-10-02T16:32:00,Transfer,South
525,1039,Fitness Tracker,Sports,115.84,2025-10-01T11:16:00,Transfer,East
526,1005,Stapler,Office,234.89,2025-10-03T03:22:00,Transfer,North
527,1047,Coffee Maker,Home,191.17,2025-10-02T04:14:00,Transfer,South
528,1048,Water Bottle,Sports,258.14,2025-10-03T10:04:00,Paypal,North
529,1037,Blender,Home,122.62,2025-10-02T20:15:00,Transfer,West
530,1002,Toaster,Home,264.61,2025-10-02T15:47:00,Paypal,North
531,1040,"Monitor 24""",Electronics,66.1,2025-10-03T00:51:00,Cash,East
532,1037,Smartphone,Electronics,7.85,2025-10-03T06:31:00,Paypal,East
533,1046,Vacuum Cleaner,Home,281.79,2025-10-01T10:42:00,Cash,East
534,1027,Water Bottle,Sports,254.94,2025-10-02T18:21:00,Cash,West
535,1048,Blender,Home,7.39,2025-10-03T13:05:00,Transfer,South
536,1030,Fitness Tracker,Sports,188.22,2025-10-03T14:06:00,Credit Card,North
537,1021,"Monitor 24""",Electronics,255.78,2025-10-02T00:18:00,Transfer,East
538,1036,"Monitor 24""",Electronics,17.1,2025-10-03T02:00:00,Cash,North
539,1024,Toaster,Home,34.83,2025-10-01T17:22:00,Credit Card,South
540,1013,Gym Bag,Sports,227.38,2025-10-04T02:08:00,Transfer,South
541,1045,Headphones,Electronics,226.73,2025-10-02T17:39:00,Paypal,South
542,1031,Gym Bag,Sports,217.56,2025-10-03T21:25:00,Paypal,West
543,1002,Desk Organizer,Office,215.66,2025-10-03T03:21:00,Transfer,East
544,1038,Gym Bag,Sports,98.9,2025-10-02T12:20:00,Paypal,North
545,1035,Mouse,Electronics,196.36,2025-10-03T14:37:00,Credit Card,West
546,1003,"Monitor 24""",Electronics,101.4,2025-10-04T00:55:00,Cash,North
547,1007,Keyboard,Electronics,94.41,2025-10-03T08:07:00,Cash,East
548,1007,Toaster,Home,32.32,2025-10-04T04:53:00,Paypal,East
549,1045,Stapler,Office,42.71,2025-10-02T10:30:00,Transfer,East
550,1034,Desk Lamp,Home,296.85,2025-10-02T13:56:00,Cash,West
551,1015,Desk Organizer,Office,28.98,2025-10-03T04:46:00,Cash,South
552,1020,Mouse,Electronics,36.48,2025-10-03T15:46:00,Transfer,East
553,1047,Water Bottle,Sports,227.73,2025-10-04T06:02:00,Transfer,West
554,1037,Toaster,Home,96.2,2025-10-01T13:26:00,Paypal,South
555,1020,Desk Lamp,Home,176.18,2025-10-03T14:01:00,Credit Card,North
556,1006,Headphones,Electronics,256.47,2025-10-01T19:43:00,Cash,South
557,1032,Keyboard,Electronics,292.29,2025-10-01T10:47:00,Paypal,South
558,1032,Running Shoes,Sports,62.68,2025-10-04T03:29:00,Transfer,West
559,1049,Fitness Tracker,Sports,84.94,2025-10-02T18:27:00,Paypal,South
560,1029,Headphones,Electronics,294.91,2025-10-03T08:12:00,Cash,North
561,1013,Keyboard,Electronics,257.06,2025-10-02T15:03:00,Transfer,West
562,1044,Toaster,Home,294.91,2025-10-03T01:52:00,Transfer,West
563,1049,Stapler,Office,202.64,2025-10-03T23:48:00,Paypal,North
564,1029,Keyboard,Electronics,7.99,2025-10-02T03:26:00,Cash,South
565,1009,Mouse,Electronics,32.74,2025-10-02T12:17:00,Transfer,South
566,1023,Notebook,Office,135.34,2025-10-02T01:29:00,Transfer,North
567,1037,Coffee Maker,Home,221.89,2025-10-01T23:36:00,Transfer,West
568,1043,"Monitor 24""",Electronics,266.83,2025-10-02T04:56:00,Paypal,West
569,1036,Headphones,Electronics,128.09,2025-10-01T21:00:00,Credit Card,West
570,1011,Paper Ream,Office,30.86,2025-10-04T07:30:00,Paypal,North
571,1036,Water Bottle,Sports,42.1,2025-10-03T05:10:00,Cash,East
572,1023,Mouse,Electronics,27.76,2025-10-02T07:29:00,Paypal,East
573,1012,Notebook,Office,221.32,2025-10-04T02:39:00,Credit Card,West
574,1008,Keyboard,Electronics,5.22,2025-10-03T18:21:00,Credit Card,North
575,1002,Desk Lamp,Home,277.18,2025-10-02T07:18:00,Transfer,South
576,1027,Pen Set,Office,270.02,2025-10-02T00:42:00,Transfer,East
577,1041,Paper Ream,Office,279.03,2025-10-02T02:34:00,Transfer,East
578,1028,Notebook,Office,98.25,2025-10-02T19:29:00,Cash,West
579,1041,Paper Ream,Office,283.33,2025-10-03T14:00:00,Credit Card,North
580,1022,Keyboard,Electronics,78.15,2025-10-01T13:42:00,Paypal,North
581,1003,Water Bottle,Sports,239.02,2025-10-02T16:52:00,Cash,North
582,1017,Toaster,Home,177.44,2025-10-01T14:48:00,Paypal,West
583,1032,Headphones,Electronics,127.78,2025-10-03T02:31:00,Transfer,South
584,1002,Toaster,Home,195.77,2025-10-02T17:32:00,Transfer,North
585,1038,Notebook,Office,242.78,2025-10-01T22:22:00,Credit Card,South
586,1012,Headphones,Electronics,41.49,2025-10-03T05:57:00,Paypal,East
587,1039,Keyboard,Electronics,150.24,2025-10-03T20:57:00,Paypal,North
588,1027,Running Shoes,Sports,57.36,2025-10-01T17:36:00,Credit Card,East
589,1025,Desk Organizer,Office,106.01,2025-10-03T19:05:00,Transfer,North
590,1013,Coffee Maker,Home,34.45,2025-10-03T14:41:00,Paypal,North
591,1008,Mouse,Electronics,206.78,2025-10-01T18:31:00,Paypal,East
592,1045,Blender,Home,206.39,2025-10-03T17:06:00,Paypal,South
593,1034,Toaster,Home,144.36,2025-10-02T01:33:00,Credit Card,West
594,1016,Mouse,Electronics,40.4,2025-10-03T22:53:00,Credit Card,North
595,1027,Notebook,Office,5.08,2025-10-01T14:18:00,Transfer,South
596,1033,Running Shoes,Sports,191.87,2025-10-02T08:00:00,Paypal,North
597,1011,Fitness Tracker,Sports,67.72,2025-10-03T21:03:00,Cash,North
598,1020,Headphones,Electronics,114.18,2025-10-03T17:34:00,Paypal,West
599,1003,Stapler,Office,226.84,2025-10-02T08:52:00,Cash,West
600,1048,Smartphone,Electronics,164.55,2025-10-02T13:00:00,Transfer,North
601,1024,Running Shoes,Sports,8.11,2025-10-02T23:34:00,Cash,North
602,1042,Running Shoes,Sports,41.48,2025-10-03T10:45:00,Credit Card,West
603,1042,"Monitor 24""",Electronics,240.23,2025-10-02T14:36:00,Credit Card,South
604,1025,Vacuum Cleaner,Home,244.69,2025-10-03T14:21:00,Credit Card,East
605,1036,Desk Organizer,Office,24.27,2025-10-03T05:51:00,Paypal,West
606,1020,Desk Organizer,Office,7.37,2025-10-03T20:28:00,Credit Card,West
607,1012,Coffee Maker,Home,223.13,2025-10-03T18:25:00,Transfer,North
608,1022,Headphones,Electronics,202.11,2025-10-01T11:43:00,Cash,South
609,1003,Desk Organizer,Office,192.62,2025-10-02T01:27:00,Cash,North
610,1028,Vacuum Cleaner,Home,211.57,2025-10-03T05:05:00,Cash,North
611,1031,Yoga Mat,Sports,91.82,2025-10-01T15:04:00,Paypal,East
612,1035,Water Bottle,Sports,256.47,2025-10-03T18:17:00,Transfer,East
613,1008,Stapler,Office,133.72,2025-10-04T06:30:00,Credit Card,South
614,1046,Fitness Tracker,Sports,117.02,2025-10-01T13:20:00,Transfer,West
615,1023,Notebook,Office,129.44,2025-10-03T05:19:00,Transfer,East
616,1010,Coffee Maker,Home,252.88,2025-10-02T23:31:00,Transfer,East
617,1037,Mouse,Electronics,259.3,2025-10-03T20:07:00,Transfer,North
618,1021,Water Bottle,Sports,269.24,2025-10-04T06:28:00,Paypal,East
619,1029,Desk Organizer,Office,178.4,2025-10-03T10:49:00,Cash,North
620,1034,Desk Lamp,Home,107.8,2025-10-04T06:04:00,Transfer,South
621,1006,Mouse,Electronics,140.67,2025-10-02T13:46:00,Cash,West
622,1037,Mouse,Electronics,93.11,2025-10-03T12:02:00,Paypal,South
623,1017,Running Shoes,Sports,37.96,2025-10-04T06:01:00,Paypal,North
624,1006,Coffee Maker,Home,297.62,2025-10-01T20:57:00,Credit Card,South
625,1011,Toaster,Home,258.89,2025-10-03T22:49:00,Cash,South
626,1013,Headphones,Electronics,276.54,2025-10-03T21:01:00,Transfer,South
627,1036,Paper Ream,Office,256.47,2025-10-02T15:10:00,Cash,East
628,1006,Desk Lamp,Home,75.74,2025-10-04T05:29:00,Transfer,South
629,1016,Running Shoes,Sports,105.15,2025-10-03T16:41:00,Credit Card,East
630,1030,Yoga Mat,Sports,179.12,2025-10-02T05:20:00,Cash,West
631,1049,Coffee Maker,Home,42.63,2025-10-03T06:33:00,Cash,South
632,1016,Gym Bag,Sports,281.95,2025-10-04T00:28:00,Transfer,South
633,1008,Yoga Mat,Sports,96.54,2025-10-02T00:39:00,Credit Card,South
634,1025,Vacuum Cleaner,Home,98.34,2025-10-02T23:31:00,Cash,West
635,1025,Coffee Maker,Home,104.72,2025-10-03T10:26:00,Transfer,North
636,1001,Smartphone,Electronics,187.47,2025-10-02T02:33:00,Credit Card,West
637,1042,Fitness Tracker,Sports,20.64,2025-10-01T14:02:00,Cash,West
638,1025,Yoga Mat,Sports,27.95,2025-10-02T10:21:00,Transfer,West
639,1024,Desk Organizer,Office,172.42,2025-10-03T18:47:00,Cash,East
640,1032,Running Shoes,Sports,54.27,2025-10-01T19:17:00,Cash,South
641,1047,Water Bottle,Sports,69.94,2025-10-03T02:17:00,Paypal,South
642,1010,Notebook,Office,175.8,2025-10-03T16:00:00,Paypal,North
643,1010,"Monitor 24""",Electronics,83.54,2025-10-03T13:00:00,Paypal,East
644,1008,Blender,Home,39.11,2025-10-02T13:46:00,Cash,West
645,1009,Notebook,Office,249.54,2025-10-01T08:10:00,Transfer,North
646,1046,Mouse,Electronics,284.32,2025-10-01T16:00:00,Transfer,East
647,1016,Gym Bag,Sports,189.14,2025-10-03T00:07:00,Transfer,East
648,1008,Running Shoes,Sports,255.25,2025-10-02T00:06:00,Credit Card,West
649,1012,Fitness Tracker,Sports,197.95,2025-10-01T10:24:00,Credit Card,North
650,1035,Paper Ream,Office,18.91,2025-10-02T10:33:00,Cash,South
651,1050,Vacuum Cleaner,Home,38.84,2025-10-02T09:49:00,Credit Card,East
652,1021,Pen Set,Office,43.56,2025-10-01T19:28:00,Cash,East
653,1018,Stapler,Office,53.43,2025-10-02T22:36:00,Cash,North
654,1028,Gym Bag,Sports,111.25,2025-10-01T17:33:00,Transfer,North
655,1005,"Monitor 24""",Electronics,28.98,2025-10-02T17:33:00,Credit Card,West
656,1008,Stapler,Office,50.0,2025-10-04T04:14:00,Cash,North
657,1029,Paper Ream,Office,289.62,2025-10-03T21:50:00,Transfer,East
658,1025,Coffee Maker,Home,240.39,2025-10-03T13:29:00,Paypal,North
659,1038,Desk Lamp,Home,202.72,2025-10-02T12:38:00,Cash,East
660,1020,Gym Bag,Sports,166.86,2025-10-03T20:29:00,Transfer,East
661,1023,Yoga Mat,Sports,153.15,2025-10-01T14:29:00,Transfer,West
662,1042,Water Bottle,Sports,31.15,2025-10-02T22:00:00,Paypal,West
663,1046,"Monitor 24""",Electronics,122.32,2025-10-02T08:42:00,Transfer,West
664,1039,Toaster,Home,161.54,2025-10-02T21:11:00,Paypal,West
665,1003,Water Bottle,Sports,27.02,2025-10-02T01:36:00,Cash,North
666,1031,Notebook,Office,125.98,2025-10-02T06:08:00,Cash,West
667,1034,Water Bottle,Sports,125.8,2025-10-02T02:38:00,Credit Card,South
668,1007,Water Bottle,Sports,132.82,2025-10-01T10:46:00,Credit Card,South
669,1005,Headphones,Electronics,68.41,2025-10-03T23:46:00,Cash,North
670,1019,Mouse,Electronics,76.09,2025-10-02T21:47:00,Paypal,North
671,1020,Running Shoes,Sports,129.43,2025-10-01T19:50:00,Credit Card,North
672,1041,Running Shoes,Sports,232.47,2025-10-01T08:37:00,Cash,North
673,1036,Mouse,Electronics,194.14,2025-10-02T16:14:00,Transfer,West
674,1002,Keyboard,Electronics,62.09,2025-10-03T08:04:00,Credit Card,East
675,1032,Gym Bag,Sports,190.1,2025-10-02T10:11:00,Credit Card,North
676,1022,Pen Set,Office,94.42,2025-10-01T16:08:00,Credit Card,East
677,1015,Stapler,Office,140.5,2025-10-02T05:24:00,Credit Card,South
678,1012,Mouse,Electronics,237.8,2025-10-03T22:13:00,Transfer,West
679,1014,Yoga Mat,Sports,159.82,2025-10-02T22:52:00,Credit Card,West
680,1011,Desk Organizer,Office,56.86,2025-10-03T14:20:00,Credit Card,West
681,1016,Coffee Maker,Home,273.19,2025-10-02T17:46:00,Paypal,North
682,1026,Vacuum Cleaner,Home,298.69,2025-10-03T12:32:00,Credit Card,West
683,1007,Smartphone,Electronics,152.99,2025-10-02T06:33:00,Credit Card,North
684,1022,Blender,Home,196.58,2025-10-01T17:21:00,Transfer,North
685,1022,Coffee Maker,Home,62.93,2025-10-03T15:35:00,Credit Card,South
686,1026,Stapler,Office,286.7,2025-10-03T16:39:00,Transfer,East
687,1043,Desk Lamp,Home,265.65,2025-10-01T19:57:00,Credit Card,East
688,1021,Yoga Mat,Sports,108.84,2025-10-03T11:02:00,Credit Card,West
689,1049,Blender,Home,42.6,2025-10-04T02:48:00,Credit Card,North
690,1008,Toaster,Home,240.15,2025-10-03T09:29:00,Cash,North
691,1022,Gym Bag,Sports,236.44,2025-10-03T23:42:00,Cash,North
692,1037,Stapler,Office,64.5,2025-10-03T10:48:00,Credit Card,North
693,1020,Blender,Home,68.65,2025-10-03T20:49:00,Paypal,West
694,1025,Stapler,Office,217.46,2025-10-02T05:01:00,Transfer,North
695,1048,Blender,Home,105.77,2025-10-02T22:40:00,Credit Card,West
696,1018,Stapler,Office,58.56,2025-10-02T15:51:00,Credit Card,North
697,1003,Running Shoes,Sports,161.63,2025-10-03T15:04:00,Transfer,South
698,1023,"Monitor 24""",Electronics,103.7,2025-10-03T15:37:00,Credit Card,East
699,1002,Stapler,Office,47.11,2025-10-03T14:26:00,Cash,South
700,1016,Stapler,Office,260.17,2025-10-04T07:51:00,Credit Card,West
701,1039,Running Shoes,Sports,69.11,2025-10-01T22:58:00,Cash,North
702,1043,Desk Lamp,Home,102.15,2025-10-03T12:09:00,Transfer,North
703,1016,Vacuum Cleaner,Home,167.37,2025-10-03T13:37:00,Cash,North
704,1011,Pen Set,Office,85.3,2025-10-04T06:27:00,Paypal,North
705,1023,Desk Lamp,Home,268.15,2025-10-02T06:22:00,Paypal,North
706,1002,Desk Organizer,Office,72.67,2025-10-04T07:38:00,Credit Card,East
707,1015,Water Bottle,Sports,105.11,2025-10-02T13:27:00,Credit Card,West
708,1022,Running Shoes,Sports,213.11,2025-10-01T12:26:00,Credit Card,North
709,1023,Gym Bag,Sports,11.93,2025-10-02T09:45:00,Credit Card,East
710,1002,Paper Ream,Office,138.51,2025-10-02T17:08:00,Cash,West
711,1021,Coffee Maker,Home,196.45,2025-10-03T21:24:00,Transfer,North
712,1016,Coffee Maker,Home,64.53,2025-10-02T23:59:00,Transfer,North
713,1005,Toaster,Home,239.87,2025-10-01T13:25:00,Transfer,South
714,1026,Desk Organizer,Office,34.58,2025-10-02T11:28:00,Cash,South
715,1032,"Monitor 24""",Electronics,72.39,2025-10-03T14:32:00,Cash,South
716,1016,Paper Ream,Office,204.04,2025-10-03T04:03:00,Cash,South
717,1025,Gym Bag,Sports,103.0,2025-10-03T15:06:00,Cash,West
718,1011,Fitness Tracker,Sports,71.92,2025-10-03T01:34:00,Transfer,West
719,1048,Coffee Maker,Home,42.72,2025-10-03T01:51:00,Transfer,East
720,1024,Fitness Tracker,Sports,109.61,2025-10-02T14:56:00,Transfer,North
721,1008,Toaster,Home,161.84,2025-10-01T13:06:00,Paypal,West
722,1042,Notebook,Office,162.5,2025-10-01T23:27:00,Credit Card,South
723,1042,Headphones,Electronics,175.62,2025-10-02T18:39:00,Credit Card,East
724,1042,Yoga Mat,Sports,139.45,2025-10-03T08:51:00,Paypal,East
725,1016,Gym Bag,Sports,180.92,2025-10-02T10:58:00,Paypal,East
726,1043,Fitness Tracker,Sports,169.57,2025-10-02T06:18:00,Transfer,North
727,1042,Fitness Tracker,Sports,245.5,2025-10-03T05:33:00,Cash,South
728,1035,Desk Organizer,Office,69.4,2025-10-03T17:20:00,Transfer,West
729,1014,Desk Lamp,Home,185.93,2025-10-02T22:49:00,Paypal,West
730,1036,Smartphone,Electronics,65.14,2025-10-03T22:24:00,Paypal,East
731,1020,Yoga Mat,Sports,262.94,2025-10-04T07:05:00,Transfer,North
732,1020,Pen Set,Office,114.04,2025-10-02T00:15:00,Cash,West
733,1019,Gym Bag,Sports,134.57,2025-10-04T00:53:00,Credit Card,North
734,1010,Headphones,Electronics,143.07,2025-10-03T03:17:00,Credit Card,North
735,1019,Pen Set,Office,142.02,2025-10-04T05:21:00,Cash,North
736,1047,Notebook,Office,237.66,2025-10-01T11:31:00,Paypal,East
737,1006,Keyboard,Electronics,16.94,2025-10-02T06:53:00,Transfer,East
738,1044,Mouse,Electronics,9.33,2025-10-01T11:22:00,Paypal,West
739,1012,Desk Organizer,Office,188.25,2025-10-03T05:55:00,Transfer,South
740,1008,Vacuum Cleaner,Home,48.13,2025-10-03T05:44:00,Paypal,East
741,1011,Blender,Home,164.41,2025-10-02T21:05:00,Transfer,South
742,1016,Gym Bag,Sports,273.66,2025-10-02T10:36:00,Transfer,South
743,1008,Stapler,Office,92.87,2025-10-02T01:08:00,Transfer,West
744,1002,Gym Bag,Sports,259.66,2025-10-01T20:09:00,Paypal,West
745,1012,Headphones,Electronics,103.06,2025-10-02T15:41:00,Paypal,South
746,1028,Gym Bag,Sports,172.01,2025-10-03T16:14:00,Transfer,North
747,1042,Water Bottle,Sports,232.08,2025-10-02T19:37:00,Credit Card,East
748,1048,Desk Organizer,Office,153.81,2025-10-02T00:29:00,Transfer,South
749,1016,Blender,Home,276.03,2025-10-01T11:50:00,Transfer,North
750,1010,Mouse,Electronics,160.17,2025-10-03T15:28:00,Paypal,East
751,1048,Pen Set,Office,82.89,2025-10-03T15:23:00,Transfer,West
752,1011,Water Bottle,Sports,180.31,2025-10-02T03:34:00,Credit Card,South
753,1011,Blender,Home,115.0,2025-10-04T04:22:00,Cash,North
754,1025,Keyboard,Electronics,42.84,2025-10-03T03:50:00,Paypal,South
755,1035,Desk Organizer,Office,115.37,2025-10-04T01:21:00,Paypal,North
756,1036,Notebook,Office,178.86,2025-10-02T15:49:00,Credit Card,West
757,1001,Blender,Home,199.76,2025-10-01T19:20:00,Cash,West
758,1018,Desk Organizer,Office,137.28,2025-10-03T17:45:00,Credit Card,North
759,1046,Keyboard,Electronics,58.33,2025-10-04T01:47:00,Credit Card,West
760,1015,"Monitor 24""",Electronics,259.91,2025-10-04T04:08:00,Cash,North
761,1002,Toaster,Home,251.53,2025-10-04T05:50:00,Transfer,West
762,1007,Mouse,Electronics,137.42,2025-10-03T12:30:00,Paypal,West
763,1036,Mouse,Electronics,271.76,2025-10-03T15:39:00,Transfer,South
764,1049,Stapler,Office,72.93,2025-10-02T07:46:00,Credit Card,North
765,1007,Stapler,Office,104.37,2025-10-02T14:18:00,Credit Card,West
766,1021,Mouse,Electronics,286.18,2025-10-02T06:22:00,Paypal,South
767,1036,Smartphone,Electronics,10.36,2025-10-01T11:38:00,Cash,South
768,1031,Water Bottle,Sports,100.97,2025-10-02T14:50:00,Cash,East
769,1030,Desk Lamp,Home,163.5,2025-10-03T20:48:00,Credit Card,South
770,1007,Keyboard,Electronics,87.25,2025-10-02T15:09:00,Cash,South
771,1024,Gym Bag,Sports,265.03,2025-10-03T11:09:00,Paypal,East
772,1011,Desk Lamp,Home,98.96,2025-10-01T21:26:00,Credit Card,South
773,1014,Vacuum Cleaner,Home,124.89,2025-10-02T18:06:00,Paypal,South
774,1017,Vacuum Cleaner,Home,148.97,2025-10-03T15:36:00,Cash,North
775,1017,Toaster,Home,163.76,2025-10-02T03:34:00,Transfer,North
776,1023,Stapler,Office,63.07,2025-10-01T13:03:00,Cash,West
777,1007,Gym Bag,Sports,179.38,2025-10-03T21:22:00,Credit Card,East
778,1036,Gym Bag,Sports,58.6,2025-10-03T03:22:00,Cash,East
779,1020,Keyboard,Electronics,72.44,2025-10-01T16:35:00,Transfer,North
780,1046,Gym Bag,Sports,267.99,2025-10-01T10:50:00,Paypal,South
781,1035,Desk Organizer,Office,61.6,2025-10-03T02:29:00,Paypal,East
782,1026,Blender,Home,161.56,2025-10-02T15:58:00,Paypal,North
783,1002,Desk Lamp,Home,57.84,2025-10-03T10:59:00,Credit Card,South
784,1018,Paper Ream,Office,225.43,2025-10-04T04:18:00,Cash,South
785,1050,"Monitor 24""",Electronics,69.91,2025-10-02T12:43:00,Paypal,South
786,1050,Water Bottle,Sports,36.26,2025-10-02T07:53:00,Paypal,East
787,1030,Notebook,Office,152.59,2025-10-03T16:25:00,Credit Card,South
788,1007,Gym Bag,Sports,9.5,2025-10-04T02:37:00,Paypal,North
789,1047,Pen Set,Office,120.32,2025-10-03T20:41:00,Paypal,East
790,1012,Pen Set,Office,123.18,2025-10-03T15:29:00,Credit Card,East
791,1042,Toaster,Home,191.07,2025-10-02T14:40:00,Credit Card,East
792,1019,Pen Set,Office,64.16,2025-10-02T01:13:00,Credit Card,East
793,1041,Stapler,Office,75.23,2025-10-03T22:06:00,Paypal,East
794,1014,Smartphone,Electronics,249.17,2025-10-02T10:45:00,Credit Card,East
795,1044,Desk Lamp,Home,129.33,2025-10-02T23:49:00,Cash,North
796,1006,Water Bottle,Sports,183.11,2025-10-04T00:49:00,Credit Card,North
797,1017,Stapler,Office,106.3,2025-10-03T03:32:00,Credit Card,East
798,1048,Yoga Mat,Sports,30.67,2025-10-04T01:31:00,Credit Card,South
799,1037,Headphones,Electronics,283.9,2025-10-03T17:15:00,Transfer,South
800,1008,Notebook,Office,83.25,2025-10-03T19:11:00,Paypal,South
801,1008,Paper Ream,Office,22.76,2025-10-03T10:01:00,Credit Card,West
802,1035,Stapler,Office,247.2,2025-10-03T19:32:00,Cash,South
803,1003,Notebook,Office,69.9,2025-10-03T00:32:00,Transfer,South
804,1029,Fitness Tracker,Sports,70.36,2025-10-03T21:18:00,Transfer,West
805,1037,Desk Organizer,Office,250.49,2025-10-03T09:06:00,Paypal,North
806,1050,Fitness Tracker,Sports,120.97,2025-10-01T10:37:00,Transfer,East
807,1003,Smartphone,Electronics,167.36,2025-10-04T01:32:00,Transfer,East
808,1021,Water Bottle,Sports,129.06,2025-10-03T03:17:00,Cash,South
809,1004,"Monitor 24""",Electronics,117.43,2025-10-04T07:38:00,Credit Card,East
810,1029,Gym Bag,Sports,100.58,2025-10-03T00:07:00,Paypal,West
811,1049,Water Bottle,Sports,8.02,2025-10-03T15:21:00,Cash,West
812,1047,Mouse,Electronics,127.85,2025-10-02T00:35:00,Credit Card,South
813,1007,Notebook,Office,55.85,2025-10-02T23:46:00,Cash,South
814,1040,Pen Set,Office,163.58,2025-10-02T12:08:00,Credit Card,South
815,1028,Stapler,Office,193.12,2025-10-01T14:21:00,Transfer,South
816,1038,Desk Lamp,Home,6.16,2025-10-02T02:40:00,Cash,East
817,1015,Keyboard,Electronics,38.9,2025-10-02T16:28:00,Transfer,West
818,1014,Water Bottle,Sports,136.09,2025-10-02T15:47:00,Transfer,South
819,1014,Keyboard,Electronics,205.78,2025-10-04T00:36:00,Transfer,East
820,1010,"Monitor 24""",Electronics,270.45,2025-10-02T21:33:00,Paypal,West
821,1032,Blender,Home,232.31,2025-10-01T23:52:00,Paypal,South
822,1016,Keyboard,Electronics,203.97,2025-10-02T23:32:00,Paypal,West
823,1018,Water Bottle,Sports,271.94,2025-10-02T03:07:00,Paypal,East
824,1033,Desk Organizer,Office,14.25,2025-10-01T21:28:00,Transfer,South
825,1030,Pen Set,Office,128.44,2025-10-01T19:24:00,Credit Card,West
826,1017,Gym Bag,Sports,244.58,2025-10-02T07:45:00,Cash,South
827,1038,Desk Lamp,Home,165.46,2025-10-03T12:10:00,Transfer,South
828,1036,Running Shoes,Sports,249.02,2025-10-02T21:03:00,Transfer,South
829,1016,Running Shoes,Sports,76.78,2025-10-02T07:05:00,Credit Card,East
830,1008,Fitness Tracker,Sports,140.27,2025-10-03T03:45:00,Paypal,West
831,1041,Keyboard,Electronics,292.54,2025-10-03T17:14:00,Transfer,North
832,1049,Toaster,Home,244.33,2025-10-03T03:36:00,Credit Card,East
833,1026,Gym Bag,Sports,254.22,2025-10-02T03:36:00,Cash,North
834,1029,Headphones,Electronics,109.75,2025-10-03T19:53:00,Transfer,North
835,1016,Gym Bag,Sports,269.73,2025-10-02T06:47:00,Credit Card,South
836,1034,Keyboard,Electronics,283.86,2025-10-01T16:58:00,Cash,South
837,1001,"Monitor 24""",Electronics,286.66,2025-10-04T07:08:00,Transfer,South
838,1033,Fitness Tracker,Sports,263.03,2025-10-01T08:35:00,Cash,North
839,1008,Blender,Home,109.84,2025-10-01T22:28:00,Transfer,West
840,1016,Coffee Maker,Home,57.99,2025-10-02T15:37:00,Credit Card,West
841,1030,Smartphone,Electronics,52.0,2025-10-02T06:25:00,Paypal,North
842,1021,Desk Lamp,Home,192.97,2025-10-01T15:05:00,Transfer,West
843,1032,Desk Organizer,Office,160.85,2025-10-01T13:11:00,Credit Card,North
844,1015,Mouse,Electronics,69.48,2025-10-03T04:27:00,Transfer,West
845,1043,Fitness Tracker,Sports,81.69,2025-10-04T01:15:00,Paypal,East
846,1006,Desk Organizer,Office,108.15,2025-10-03T05:56:00,Transfer,South
847,1015,Pen Set,Office,14.14,2025-10-02T14:46:00,Credit Card,West
848,1007,Paper Ream,Office,172.84,2025-10-04T04:39:00,Transfer,East
849,1046,Fitness Tracker,Sports,30.43,2025-10-01T22:44:00,Transfer,South
850,1002,Fitness Tracker,Sports,66.37,2025-10-03T08:10:00,Paypal,North
851,1046,Gym Bag,Sports,116.73,2025-10-02T03:04:00,Cash,South
852,1048,Paper Ream,Office,135.43,2025-10-02T11:23:00,Credit Card,East
853,1015,Vacuum Cleaner,Home,213.17,2025-10-02T05:28:00,Transfer,South
854,1024,Headphones,Electronics,290.82,2025-10-02T17:24:00,Cash,South
855,1045,Fitness Tracker,Sports,207.65,2025-10-02T20:58:00,Cash,East
856,1003,Stapler,Office,168.61,2025-10-02T09:01:00,Credit Card,North
857,1040,Desk Organizer,Office,64.67,2025-10-02T23:08:00,Credit Card,South
858,1034,Paper Ream,Office,283.16,2025-10-03T05:06:00,Paypal,West
859,1027,Pen Set,Office,154.24,2025-10-01T14:04:00,Paypal,West
860,1022,Desk Lamp,Home,150.19,2025-10-02T01:20:00,Paypal,South
861,1006,Pen Set,Office,232.51,2025-10-02T10:18:00,Paypal,South
862,1014,Gym Bag,Sports,49.16,2025-10-04T02:55:00,Transfer,North
863,1049,Running Shoes,Sports,106.51,2025-10-01T13:52:00,Credit Card,East
864,1033,Vacuum Cleaner,Home,240.29,2025-10-02T12:37:00,Cash,South
865,1002,Toaster,Home,193.57,2025-10-03T20:01:00,Transfer,East
866,1016,Fitness Tracker,Sports,17.08,2025-10-03T03:37:00,Transfer,West
867,1004,Desk Organizer,Office,185.22,2025-10-03T04:21:00,Paypal,East
868,1008,Yoga Mat,Sports,113.78,2025-10-03T23:04:00,Paypal,North
869,1020,Vacuum Cleaner,Home,81.51,2025-10-01T21:09:00,Paypal,West
870,1018,Pen Set,Office,20.7,2025-10-03T16:04:00,Paypal,West
871,1021,Yoga Mat,Sports,109.45,2025-10-02T20:31:00,Credit Card,South
872,1049,"Monitor 24""",Electronics,182.19,2025-10-01T12:06:00,Transfer,West
873,1004,Yoga Mat,Sports,163.9,2025-10-01T13:55:00,Paypal,East
874,1004,Yoga Mat,Sports,164.75,2025-10-02T21:47:00,Cash,East
875,1037,Stapler,Office,16.45,2025-10-03T16:55:00,Paypal,South
876,1017,Blender,Home,174.63,2025-10-02T09:49:00,Paypal,East
877,1022,Vacuum Cleaner,Home,210.65,2025-10-02T16:57:00,Transfer,South
878,1017,Stapler,Office,214.57,2025-10-03T02:09:00,Credit Card,West
879,1019,Running Shoes,Sports,48.98,2025-10-02T17:30:00,Paypal,South
880,1023,Running Shoes,Sports,46.29,2025-10-03T09:23:00,Credit Card,East
881,1001,Water Bottle,Sports,41.32,2025-10-02T11:36:00,Transfer,North
882,1021,Toaster,Home,74.34,2025-10-03T10:52:00,Cash,South
883,1006,Vacuum Cleaner,Home,72.98,2025-10-03T19:12:00,Credit Card,West
884,1013,Smartphone,Electronics,35.29,2025-10-01T21:36:00,Credit Card,West
885,1050,Fitness Tracker,Sports,185.28,2025-10-03T11:04:00,Transfer,South
886,1030,Mouse,Electronics,267.28,2025-10-02T03:20:00,Transfer,North
887,1012,Keyboard,Electronics,262.36,2025-10-01T18:44:00,Paypal,East
888,1027,Vacuum Cleaner,Home,265.19,2025-10-03T01:43:00,Cash,East
889,1043,Keyboard,Electronics,298.13,2025-10-04T03:54:00,Credit Card,West
890,1036,Vacuum Cleaner,Home,262.89,2025-10-04T00:19:00,Transfer,West
891,1035,Mouse,Electronics,250.23,2025-10-02T18:33:00,Transfer,West
892,1027,Desk Organizer,Office,6.4,2025-10-01T11:07:00,Transfer,West
893,1008,Pen Set,Office,39.06,2025-10-03T04:28:00,Paypal,South
894,1033,Mouse,Electronics,191.68,2025-10-01T13:38:00,Cash,North
895,1045,Water Bottle,Sports,125.1,2025-10-02T20:31:00,Transfer,West
896,1046,Stapler,Office,256.26,2025-10-02T17:19:00,Credit Card,East
897,1049,Headphones,Electronics,223.63,2025-10-01T10:23:00,Paypal,West
898,1031,Notebook,Office,179.2,2025-10-02T04:07:00,Transfer,North
899,1048,Keyboard,Electronics,291.15,2025-10-02T10:04:00,Transfer,North
900,1035,Paper Ream,Office,250.04,2025-10-04T00:54:00,Cash,West
901,1030,Paper Ream,Office,13.79,2025-10-01T10:32:00,Cash,West
902,1030,Desk Organizer,Office,156.71,2025-10-02T16:13:00,Cash,East
903,1047,"Monitor 24""",Electronics,79.0,2025-10-03T02:08:00,Transfer,South
904,1048,Notebook,Office,214.79,2025-10-04T00:14:00,Paypal,East
905,1032,"Monitor 24""",Electronics,47.56,2025-10-03T15:04:00,Cash,East
906,1025,Water Bottle,Sports,194.38,2025-10-03T01:03:00,Transfer,West
907,1034,Desk Organizer,Office,273.25,2025-10-01T17:53:00,Cash,South
908,1007,Headphones,Electronics,138.43,2025-10-01T16:34:00,Transfer,West
909,1008,Stapler,Office,237.77,2025-10-03T06:45:00,Paypal,East
910,1001,Desk Organizer,Office,197.62,2025-10-02T23:02:00,Credit Card,East
911,1007,Keyboard,Electronics,254.97,2025-10-02T21:23:00,Transfer,North
912,1033,Running Shoes,Sports,230.35,2025-10-04T04:02:00,Cash,North
913,1019,Toaster,Home,227.14,2025-10-03T10:40:00,Credit Card,West
914,1015,Smartphone,Electronics,81.77,2025-10-01T21:31:00,Cash,North
915,1020,Headphones,Electronics,15.01,2025-10-01T15:20:00,Credit Card,East
916,1048,"Monitor 24""",Electronics,112.03,2025-10-04T01:23:00,Cash,North
917,1038,Running Shoes,Sports,131.45,2025-10-02T22:24:00,Credit Card,South
918,1036,Notebook,Office,180.73,2025-10-04T01:31:00,Cash,West
919,1044,Vacuum Cleaner,Home,174.99,2025-10-04T06:03:00,Transfer,North
920,1009,Vacuum Cleaner,Home,204.66,2025-10-01T22:23:00,Credit Card,West
921,1024,Coffee Maker,Home,3.77,2025-10-02T20:17:00,Paypal,South
922,1021,Pen Set,Office,211.48,2025-10-02T08:42:00,Transfer,South
923,1013,Vacuum Cleaner,Home,96.84,2025-10-02T23:09:00,Credit Card,East
924,1021,Paper Ream,Office,227.35,2025-10-01T17:36:00,Cash,West
925,1034,Mouse,Electronics,10.34,2025-10-02T19:08:00,Transfer,South
926,1037,Running Shoes,Sports,11.21,2025-10-02T14:27:00,Transfer,West
927,1046,Paper Ream,Office,179.08,2025-10-02T06:14:00,Credit Card,South
928,1043,Desk Organizer,Office,30.84,2025-10-01T17:14:00,Paypal,East
929,1014,Headphones,Electronics,157.81,2025-10-02T20:14:00,Paypal,West
930,1006,Blender,Home,178.36,2025-10-02T20:57:00,Cash,East
931,1049,Running Shoes,Sports,209.31,2025-10-03T06:58:00,Paypal,South
932,1001,Pen Set,Office,131.19,2025-10-02T14:47:00,Transfer,South
933,1028,Toaster,Home,234.2,2025-10-03T06:49:00,Credit Card,South
934,1050,Pen Set,Office,73.6,2025-10-02T10:06:00,Cash,North
935,1025,Smartphone,Electronics,79.05,2025-10-04T00:45:00,Paypal,North
936,1021,Headphones,Electronics,86.0,2025-10-03T09:04:00,Paypal,South
937,1006,Desk Organizer,Office,252.26,2025-10-03T01:38:00,Paypal,East
938,1023,Pen Set,Office,297.24,2025-10-03T17:44:00,Cash,South
939,1004,Vacuum Cleaner,Home,257.98,2025-10-02T10:35:00,Cash,East
940,1042,Smartphone,Electronics,242.87,2025-10-04T02:13:00,Transfer,West
941,1006,Paper Ream,Office,18.29,2025-10-02T05:49:00,Transfer,North
942,1042,Fitness Tracker,Sports,42.91,2025-10-02T07:21:00,Transfer,North
943,1006,Pen Set,Office,76.73,2025-10-02T00:17:00,Credit Card,West
944,1035,Yoga Mat,Sports,199.35,2025-10-04T06:39:00,Credit Card,West
945,1028,Toaster,Home,239.48,2025-10-01T15:08:00,Cash,South
946,1038,Desk Organizer,Office,63.02,2025-10-03T20:49:00,Cash,North
947,1041,Pen Set,Office,34.96,2025-10-02T17:22:00,Credit Card,West
948,1023,Notebook,Office,185.7,2025-10-03T17:55:00,Credit Card,East
949,1021,Pen Set,Office,185.21,2025-10-02T20:43:00,Paypal,South
950,1010,Coffee Maker,Home,145.41,2025-10-02T16:59:00,Cash,North
951,1012,Headphones,Electronics,255.35,2025-10-03T07:09:00,Transfer,North
952,1010,Vacuum Cleaner,Home,117.62,2025-10-03T06:25:00,Paypal,North
953,1044,Water Bottle,Sports,187.08,2025-10-02T03:02:00,Cash,North
954,1029,Headphones,Electronics,148.81,2025-10-01T12:24:00,Credit Card,South
955,1049,Notebook,Office,83.81,2025-10-02T22:16:00,Transfer,East
956,1012,Pen Set,Office,71.41,2025-10-04T01:44:00,Credit Card,West
957,1039,Paper Ream,Office,266.87,2025-10-02T00:07:00,Paypal,West
958,1003,Stapler,Office,228.47,2025-10-03T08:13:00,Cash,South
959,1047,Stapler,Office,173.3,2025-10-02T06:08:00,Cash,South
960,1005,Vacuum Cleaner,Home,119.55,2025-10-03T17:51:00,Transfer,South
961,1034,Desk Lamp,Home,164.71,2025-10-02T03:39:00,Transfer,West
962,1013,Stapler,Office,61.0,2025-10-01T19:34:00,Credit Card,East
963,1002,Stapler,Office,248.04,2025-10-03T14:22:00,Cash,North
964,1036,Keyboard,Electronics,212.61,2025-10-03T16:22:00,Transfer,West
965,1011,Blender,Home,293.52,2025-10-02T17:58:00,Transfer,East
966,1030,Vacuum Cleaner,Home,213.82,2025-10-01T22:47:00,Cash,South
967,1012,Coffee Maker,Home,41.77,2025-10-02T02:07:00,Credit Card,East
968,1041,Keyboard,Electronics,122.39,2025-10-03T21:57:00,Paypal,South
969,1019,Notebook,Office,287.6,2025-10-01T15:22:00,Paypal,East
970,1002,Fitness Tracker,Sports,102.37,2025-10-03T20:33:00,Cash,East
971,1048,Pen Set,Office,130.95,2025-10-03T13:29:00,Transfer,North
972,1046,"Monitor 24""",Electronics,259.2,2025-10-03T14:18:00,Credit Card,West
973,1025,"Monitor 24""",Electronics,138.84,2025-10-02T06:34:00,Credit Card,North
974,1028,Yoga Mat,Sports,226.49,2025-10-03T16:13:00,Transfer,East
975,1014,Pen Set,Office,244.29,2025-10-03T17:36:00,Transfer,West
976,1008,Mouse,Electronics,241.25,2025-10-04T06:47:00,Cash,North
977,1023,Vacuum Cleaner,Home,185.03,2025-10-02T12:07:00,Transfer,South
978,1008,Vacuum Cleaner,Home,121.68,2025-10-03T18:42:00,Transfer,South
979,1040,Pen Set,Office,262.98,2025-10-03T18:07:00,Credit Card,East
980,1029,Pen Set,Office,259.06,2025-10-04T07:40:00,Paypal,North
981,1027,"Monitor 24""",Electronics,193.78,2025-10-03T23:16:00,Paypal,South
982,1003,Water Bottle,Sports,204.33,2025-10-04T00:30:00,Cash,South
983,1041,Mouse,Electronics,288.39,2025-10-04T05:33:00,Credit Card,South
984,1028,Water Bottle,Sports,132.54,2025-10-04T04:53:00,Credit Card,South
985,1033,Desk Lamp,Home,189.62,2025-10-02T13:10:00,Paypal,West
986,1012,"Monitor 24""",Electronics,77.96,2025-10-03T17:49:00,Transfer,East
987,1001,Headphones,Electronics,291.79,2025-10-01T16:00:00,Paypal,East
988,1015,Keyboard,Electronics,136.74,2025-10-03T09:31:00,Transfer,South
989,1047,Gym Bag,Sports,223.58,2025-10-03T22:03:00,Paypal,West
990,1034,Blender,Home,28.51,2025-10-04T02:55:00,Cash,South
991,1019,Toaster,Home,217.7,2025-10-03T20:18:00,Cash,South
992,1047,Blender,Home,124.92,2025-10-01T23:10:00,Cash,East
993,1015,Mouse,Electronics,78.4,2025-10-02T23:16:00,Transfer,South
994,1030,Notebook,Office,163.66,2025-10-03T08:50:00,Transfer,North
995,1045,Gym Bag,Sports,228.32,2025-10-02T11:36:00,Cash,East
996,1044,Desk Organizer,Office,142.92,2025-10-02T23:57:00,Cash,South
997,1014,Keyboard,Electronics,277.71,2025-10-02T10:08:00,Paypal,North
998,1004,"Monitor 24""",Electronics,48.16,2025-10-03T23:11:00,Credit Card,East
999,1040,Fitness Tracker,Sports,41.6,2025-10-01T19:21:00,Credit Card,West
1000,1009,Paper Ream,Office,161.84,2025-10-03T08:09:00,Paypal,West
